{
    "copy_resources": [
        {
            "from": "../../../src",
            "to": "src"
        },
        {
            "from": "../../../res",
            "to": "res"
        },
        {
            "from": "../../../subpackages",
            "to": "subpackages"
        },
        {
            "from": "../../../main.js",
            "to": ""
        },
        {
            "from": "../../../project.json",
            "to": ""
        },
        {
            "from": "../../../jsb-adapter",
            "to": "jsb-adapter"
        }
    ]
}
