[{"__type__":"cc.SpriteFrame","content":{"name":"low","texture":"fbrRG8jR5Df7SIHLxL15Z5","rect":[0,0,731,28],"offset":[0,0],"originalSize":[731,28],"capInsets":[0,0,0,0]}},{"__type__":"cc.SpriteFrame","content":{"name":"full","texture":"ff9rSEW3JEmIYw3VG5ie32","rect":[0,0,712,23],"offset":[0,0],"originalSize":[712,23],"capInsets":[0,0,0,0]}},[{"__type__":"cc.Prefab","_name":"LoadGameController","data":{"__id__":1}},{"__type__":"cc.Node","_name":"LoadGameController","_children":[{"__id__":2}],"_components":[{"__type__":"89e3bULnINAO5LStk1zefH7","node":{"__id__":1},"loadingSprite":{"__id__":6},"linkAPI":"https://raw.githubusercontent.com/hihiheheaz24/merge-the-number/master/config.json"}],"_prefab":{"__type__":"cc.PrefabInfo","root":{"__id__":1},"asset":{"__uuid__":"d8fZCMFdZCT7XAEkJ3/6U8"}},"_contentSize":{"__type__":"cc.Size","width":468,"height":833},"_trs":{"__type__":"TypedArray","ctor":"Float64Array","array":[0,0,0,0,0,0,1,1,1,1]}},{"__type__":"cc.Node","_name":"BG","_parent":{"__id__":1},"_children":[{"__id__":3},{"__id__":4},{"__id__":5}],"_active":false,"_components":[{"__type__":"cc.BlockInputEvents","node":{"__id__":2}}],"_prefab":{"__type__":"cc.PrefabInfo","root":{"__id__":1},"asset":{"__uuid__":"d8fZCMFdZCT7XAEkJ3/6U8"},"fileId":"3eAmU+FvRLf7fmXkwVMuxj"},"_contentSize":{"__type__":"cc.Size","width":468,"height":833},"_trs":{"__type__":"TypedArray","ctor":"Float64Array","array":[0,0,0,0,0,0,1,0.8,0.8,1]}},{"__type__":"cc.Node","_name":"label loading","_parent":{"__id__":2},"_components":[{"__type__":"cc.Label","node":{"__id__":3},"_materials":[{"__uuid__":"ecpdLyjvZBwrvm+cedCcQy"}],"_string":"Đang kết nối đến máy chủ ...","_N$string":"Đang kết nối đến máy chủ ...","_fontSize":35,"_lineHeight":25,"_N$file":{"__uuid__":"75hAFbCKhAYYsIpJwh5ZzO"},"_isSystemFontUsed":false,"_N$verticalAlign":1}],"_prefab":{"__type__":"cc.PrefabInfo","root":{"__id__":1},"asset":{"__uuid__":"d8fZCMFdZCT7XAEkJ3/6U8"},"fileId":"50wLFl9M1Cm4TLd2HiN9NE"},"_contentSize":{"__type__":"cc.Size","width":325.01,"height":31.5},"_trs":{"__type__":"TypedArray","ctor":"Float64Array","array":[0,-268.548,0,0,0,0,1,1,1,1]}},{"__type__":"cc.Node","_name":"LOADING FRAME","_parent":{"__id__":2},"_components":[{"__type__":"cc.Sprite","node":{"__id__":4},"_materials":[{"__uuid__":"ecpdLyjvZBwrvm+cedCcQy"}],"_spriteFrame":{"__uuid__":"6cQk3H58VGxqBHppytNyTq"},"_type":1}],"_prefab":{"__type__":"cc.PrefabInfo","root":{"__id__":1},"asset":{"__uuid__":"d8fZCMFdZCT7XAEkJ3/6U8"},"fileId":"e6z2JWHZlEFa/OCZL3Ca9a"},"_contentSize":{"__type__":"cc.Size","width":731,"height":28},"_trs":{"__type__":"TypedArray","ctor":"Float64Array","array":[0,-211.966,0,0,0,0,1,0.6,0.6,0.6]}},{"__type__":"cc.Node","_name":"blue bar","_parent":{"__id__":2},"_components":[{"__id__":6}],"_prefab":{"__type__":"cc.PrefabInfo","root":{"__id__":1},"asset":{"__uuid__":"d8fZCMFdZCT7XAEkJ3/6U8"},"fileId":"f61a0I0uZB6LpQtptHR9VN"},"_contentSize":{"__type__":"cc.Size","width":712,"height":23},"_trs":{"__type__":"TypedArray","ctor":"Float64Array","array":[0,-211.808,0,0,0,0,1,0.6,0.6,0.6]}},{"__type__":"cc.Sprite","node":{"__id__":5},"_materials":[{"__uuid__":"ecpdLyjvZBwrvm+cedCcQy"}],"_spriteFrame":{"__uuid__":"72G4Ac4fhJR6725xw0wKzv"},"_type":3}]]