[[{"__type__":"cc.SceneAsset","_name":"KKK","scene":{"__id__":1},"asyncLoadAssets":null},{"__type__":"cc.Scene","_name":"New Node","_children":[{"__id__":2}],"_anchorPoint":{"__type__":"cc.Vec2"},"_trs":{"__type__":"TypedArray","ctor":"Float64Array","array":[0,0,0,0,0,0,1,1,1,1]},"autoReleaseAssets":false},{"__type__":"cc.Node","_name":"Canvas","_parent":{"__id__":1},"_children":[{"__id__":3},{"__id__":4}],"_components":[{"__type__":"cc.Canvas","node":{"__id__":2},"_designResolution":{"__type__":"cc.Size","width":1280,"height":720}},{"__type__":"cc.Widget","node":{"__id__":2},"_alignFlags":45}],"_contentSize":{"__type__":"cc.Size","width":1280,"height":720},"_trs":{"__type__":"TypedArray","ctor":"Float64Array","array":[640,360,0,0,0,0,1,1,1,1]},"_id":"a5esZu+45LA5mBpvttspPD"},{"__type__":"cc.Node","_name":"Main Camera","_parent":{"__id__":2},"_components":[{"__type__":"cc.Camera","node":{"__id__":3},"_clearFlags":7,"_depth":-1}],"_trs":{"__type__":"TypedArray","ctor":"Float64Array","array":[0,0,209.8812618929583,0,0,0,1,1,1,1]}},{"__type__":"cc.Node","_name":"LoadGameController","_parent":{"__id__":2},"_children":[{"__id__":5}],"_components":[{"__type__":"89e3bULnINAO5LStk1zefH7","node":{"__id__":4},"loadingSprite":{"__id__":9},"linkAPI":"https://storage.googleapis.com/man52ios/appConfig.json"},{"__type__":"cc.Widget","node":{"__id__":4},"_alignFlags":45,"_originalWidth":1280,"_originalHeight":720}],"_prefab":{"__type__":"cc.PrefabInfo","root":{"__id__":4},"asset":{"__uuid__":"d8fZCMFdZCT7XAEkJ3/6U8"}},"_contentSize":{"__type__":"cc.Size","width":1280,"height":720},"_trs":{"__type__":"TypedArray","ctor":"Float64Array","array":[0,0,0,0,0,0,1,1,1,1]}},{"__type__":"cc.Node","_name":"BG","_parent":{"__id__":4},"_children":[{"__id__":6},{"__id__":7},{"__id__":8},{"__id__":10}],"_components":[{"__type__":"cc.BlockInputEvents","node":{"__id__":5}},{"__type__":"cc.Sprite","node":{"__id__":5},"_materials":[{"__uuid__":"ecpdLyjvZBwrvm+cedCcQy"}],"_spriteFrame":{"__uuid__":"93lAil2tBIEqKAVCWtvods"},"_sizeMode":0},{"__type__":"cc.Widget","node":{"__id__":5},"_alignFlags":45,"_originalWidth":1334,"_originalHeight":750}],"_prefab":{"__type__":"cc.PrefabInfo","root":{"__id__":4},"asset":{"__uuid__":"d8fZCMFdZCT7XAEkJ3/6U8"},"fileId":"3eAmU+FvRLf7fmXkwVMuxj"},"_contentSize":{"__type__":"cc.Size","width":1280,"height":720},"_trs":{"__type__":"TypedArray","ctor":"Float64Array","array":[0,0,0,0,0,0,1,1,1,1]}},{"__type__":"cc.Node","_name":"label loading","_parent":{"__id__":5},"_components":[{"__type__":"cc.Label","node":{"__id__":6},"_materials":[{"__uuid__":"ecpdLyjvZBwrvm+cedCcQy"}],"_string":"Đang kết nối đến máy chủ ...","_N$string":"Đang kết nối đến máy chủ ...","_fontSize":35,"_lineHeight":25,"_N$file":{"__uuid__":"75hAFbCKhAYYsIpJwh5ZzO"},"_isSystemFontUsed":false,"_N$verticalAlign":1}],"_prefab":{"__type__":"cc.PrefabInfo","root":{"__id__":4},"asset":{"__uuid__":"d8fZCMFdZCT7XAEkJ3/6U8"},"fileId":"50wLFl9M1Cm4TLd2HiN9NE"},"_contentSize":{"__type__":"cc.Size","width":325.01,"height":31.5},"_trs":{"__type__":"TypedArray","ctor":"Float64Array","array":[0,-268.548,0,0,0,0,1,1,1,1]}},{"__type__":"cc.Node","_name":"LOADING FRAME","_parent":{"__id__":5},"_components":[{"__type__":"cc.Sprite","node":{"__id__":7},"_materials":[{"__uuid__":"ecpdLyjvZBwrvm+cedCcQy"}],"_spriteFrame":{"__uuid__":"6cQk3H58VGxqBHppytNyTq"},"_type":1}],"_prefab":{"__type__":"cc.PrefabInfo","root":{"__id__":4},"asset":{"__uuid__":"d8fZCMFdZCT7XAEkJ3/6U8"},"fileId":"e6z2JWHZlEFa/OCZL3Ca9a"},"_contentSize":{"__type__":"cc.Size","width":731,"height":28},"_trs":{"__type__":"TypedArray","ctor":"Float64Array","array":[0,-211.966,0,0,0,0,1,0.6,0.6,0.6]}},{"__type__":"cc.Node","_name":"blue bar","_parent":{"__id__":5},"_components":[{"__id__":9}],"_prefab":{"__type__":"cc.PrefabInfo","root":{"__id__":4},"asset":{"__uuid__":"d8fZCMFdZCT7XAEkJ3/6U8"},"fileId":"f61a0I0uZB6LpQtptHR9VN"},"_contentSize":{"__type__":"cc.Size","width":712,"height":23},"_trs":{"__type__":"TypedArray","ctor":"Float64Array","array":[0,-211.808,0,0,0,0,1,0.6,0.6,0.6]}},{"__type__":"cc.Sprite","node":{"__id__":8},"_materials":[{"__uuid__":"ecpdLyjvZBwrvm+cedCcQy"}],"_spriteFrame":{"__uuid__":"72G4Ac4fhJR6725xw0wKzv"},"_type":3},{"__type__":"cc.Node","_name":"blue bar","_parent":{"__id__":5},"_components":[{"__type__":"cc.Sprite","node":{"__id__":10},"_materials":[{"__uuid__":"ecpdLyjvZBwrvm+cedCcQy"}],"_spriteFrame":{"__uuid__":"6345kX/qlJyLp5xsV+JCN2"},"_sizeMode":2}],"_prefab":{"__type__":"cc.PrefabInfo","root":{"__id__":4},"asset":{"__uuid__":"d8fZCMFdZCT7XAEkJ3/6U8"},"fileId":"00P4zxffNK/ox2qM2gqTYy"},"_contentSize":{"__type__":"cc.Size","width":512,"height":512},"_trs":{"__type__":"TypedArray","ctor":"Float64Array","array":[0,102.298,0,0,0,0,1,0.6,0.6,1]}}],{"__type__":"cc.SpriteFrame","content":{"name":"man512","texture":"8bzl+QmD9PU7ZWUVCrDHrJ","rect":[0,0,512,512],"offset":[0,0],"originalSize":[512,512],"capInsets":[0,0,0,0]}},{"__type__":"cc.SpriteFrame","content":{"name":"low","texture":"fbrRG8jR5Df7SIHLxL15Z5","rect":[0,0,731,28],"offset":[0,0],"originalSize":[731,28],"capInsets":[0,0,0,0]}},{"__type__":"cc.SpriteFrame","content":{"name":"full","texture":"ff9rSEW3JEmIYw3VG5ie32","rect":[0,0,712,23],"offset":[0,0],"originalSize":[712,23],"capInsets":[0,0,0,0]}},{"__type__":"cc.SpriteFrame","content":{"name":"br-min","texture":"45dz9kufBAuad7i3p1PEU6","rect":[0,0,1560,720],"offset":[0,0],"originalSize":[1560,720],"capInsets":[0,0,0,0]}}]